,管轄署,種別,日時,場所,状況,特徴,住所,address,count,color,都道府県コード,都道府県名,都道府県名カナ,都道府県名ローマ字,市区町村コード,市区町村名,市区町村名カナ,市区町村名ローマ字,大字町丁目名,大字町丁目名カナ,大字町丁目名ローマ字,小字・通称名,緯度,経度
0,松山南署管内,声かけ,令和5年5月11日(木)午後6時ころ,伊予郡砥部町宮内の路上,小学生男児が徒歩で移動中、車(黒色、ワゴンタイプ)に乗車の行為者から「車に乗らないか。」と声をかけられたもの。,50歳位、上衣:黒色ジャンパー、顎髭、サングラス、黒色キャップ帽着用,伊予郡砥部町宮内の,伊予郡砥部町宮内,0,green,38.0,愛媛県,エヒメケン,EHIME KEN,38402.0,伊予郡砥部町,イヨグントベチョウ,IYO GUN TOBE CHO,宮内,ミヤウチ,MIYAUCHI,,33.751182,132.795067
1,松山南署管内,ちかん,令和5年5月11日(木)午前8時ころ,松山市古川南三丁目の路上,女性が自転車で移動中、後方から接近してきた自転車(黒色、黒色前かご付き)に乗車の男から腹部を触られたもの。,50歳位、黒色短髪、上衣:黒色服、下衣:黒色ジャージ様,松山市古川南三丁目の,松山市古川南三丁目,0,gray,38.0,愛媛県,エヒメケン,EHIME KEN,38201.0,松山市,マツヤマシ,MATSUYAMA SHI,古川南三丁目,フルカワミナミ 3,FURUKAWAMINAMI 3,,33.802792,132.760676
2,松山東署管内,つきまとい,令和5年5月9日(火)午後6時ころ,松山市小坂四丁目の路上,男性が自転車で移動中、男女2人組で、それぞれが自転車に乗車の行為者等から、後方をつきまとわれたもの。,1人目(女、15歳位、上衣:灰色パーカー、下衣:スカート(チェック柄)、自転車(白色前かご付き))、2人目(男、15歳位、上衣:白色カッターシャツ、茶色様ベスト、下衣:黒色ズボン、自転車(銀色前かご付き)),松山市小坂四丁目の,松山市小坂四丁目,0,blue,38.0,愛媛県,エヒメケン,EHIME KEN,38201.0,松山市,マツヤマシ,MATSUYAMA SHI,小坂四丁目,コサカ 4,KOSAKA 4,,33.828254,132.780772
3,松山東署管内,つきまとい,令和5年5月7日(日)午後3時30分ころ,松山市大街道二丁目から同市大街道一丁目までの路上,女性が徒歩で移動中、徒歩の男から後方をつきまとわれたもの。,40-50歳位、175-180cm位、やせ型、黒色短髪、上衣:黒色Tシャツ、下衣:水色デニム、傘(白色のナイロン製傘袋入り)所持,松山市大街道二丁目から同市大街道一丁目までの,松山市大街道二丁目から同市大街道一丁目まで,0,blue,,,,,,,,,,,,,,
4,松山南署管内,つきまとい,令和5年5月6日(土)午前0時30分ころ,松山市天山一丁目から同市井門町までの路上,女性が徒歩で移動中、自転車(銀色前かご付き)に乗車の男から、後方をつきまとわれたもの。男は、一定の距離を保ったまま女性につきまとった。,30-40歳位、中肉、黒色短髪、黄緑色カッパ(フード付き),松山市天山一丁目から同市井門町までの,松山市天山一丁目から同市井門町まで,0,blue,,,,,,,,,,,,,,
5,宇和島署管内,身体露出,令和5年5月2日(火)午後8時30分ころ,宇和島市吉田町浅川の路上,男が、下衣を身に着けないまま下半身を露出して路上を歩いていたもの。,60歳位、160cm位、やせ型、坊主頭かスキンヘッド、上衣:紺色様長袖シャツ(ワイシャツ様),宇和島市吉田町浅川の,宇和島市吉田町浅川,0,orange,38.0,愛媛県,エヒメケン,EHIME KEN,38203.0,宇和島市,ウワジマシ,UWAJIMA SHI,吉田町浅川,ヨシダチョウアサカワ,YOSHIDACHO ASAKAWA,,33.267815,132.527652
6,松山南署管内,暴行,令和5年5月2日(火)午後4時00分ころ,伊予郡砥部町高尾田の路上,小学生男児が徒歩で移動中、前方から近づいてきた徒歩の女から、すれ違いざまに腹部を触られたもの。,30歳位、160cm位、中肉、茶色様の髪(ツインテール、肩位の長さ)、上衣:ピンク色タンクトップ、下衣:濃いピンク色のショートパンツ,伊予郡砥部町高尾田の,伊予郡砥部町高尾田,0,red,38.0,愛媛県,エヒメケン,EHIME KEN,38402.0,伊予郡砥部町,イヨグントベチョウ,IYO GUN TOBE CHO,高尾田,タコオダ,TAKODA,,33.779877,132.795277
7,松山南署管内,声かけ,令和5年5月1日(月)午後3時20分ころ,松山市湊町五丁目から同市鷹ノ子町までを走行中の電車内,女子大学生が電車内にいたところ、男が隣に座ってきて、「かわいいね。」と声をかけられたもの。,40-50歳位、小太り、160-165cm位、下衣:黒色ジーパン、電車外では白色ヘルメット着用,松山市湊町五丁目から同市鷹ノ子町までを走行中の電車内,松山市湊町五丁目から同市鷹ノ子町までを走行中の電車内,0,green,,,,,,,,,,,,,,
8,松山南署管内,声かけ,令和5年4月初旬の午後5時ころ,松山市平井町の路上,女性が徒歩で移動中、車両(軽トラック様)に乗車の男から、「ご主人おるんか。」等と声をかけられたもの。,70-80歳位,松山市平井町の,松山市平井町,0,green,38.0,愛媛県,エヒメケン,EHIME KEN,38201.0,松山市,マツヤマシ,MATSUYAMA SHI,平井町,ヒライマチ,HIRAIMACHI,,33.824694,132.836156
9,松山西署管内,声かけ,令和5年4月28日(金)午後5時10分ころ,松山市西長戸町の路上,小学生女児が徒歩で移動中、自転車(赤色)に乗 車の男から大きな声で「お尻。」と声をかけられたも の。,50-60歳位、中肉、150-160cm位、短髪、上衣:ベ ージュと茶色の薄手上着、ベージュ色の帽子着用、 色黒、メガネ、マスクなし,松山市西長戸町の,松山市西長戸町,0,green,38.0,愛媛県,エヒメケン,EHIME KEN,38201.0,松山市,マツヤマシ,MATSUYAMA SHI,西長戸町,ニシナガトチョウ,NISHINAGATOCHO,,33.867813,132.741949
10,四国中央署管内,つきまとい,令和5年4月28日(金)午後1時10分ころ,四国中央市土居町の路上,小学生女児2人が徒歩で移動中、軽四乗用から降車 した男から、徒歩で後方をつきまとわれたもの。,55-65歳位、160-170cm位、白髪短髪、上衣:黒色 長袖服、下衣:黒色ズボン、黒色サングラス、黒色マ スク着用,四国中央市土居町の,四国中央市土居町,0,blue,,,,,,,,,,,,,,
11,四国中央署管内,声かけ,令和5年4月27日(木)午後2時ころ,四国中央市下柏町の路上,女性が徒歩で移動中、自転車(軽快兼用様、白色、荷台にトイレットペーパーを積載)に乗車の男から、すれ違い様に「ねえちゃん、遊ばん。」と声をかけられたもの。,70~80歳位、やせ型、短髪白髪,四国中央市下柏町の,四国中央市下柏町,0,green,38.0,愛媛県,エヒメケン,EHIME KEN,38213.0,四国中央市,シコクチュウオウシ,SHIKOKUCHUO SHI,下柏町,シモガシワチョウ,SHIMOGASHIWACHO,,33.98585,133.566343
12,八幡浜署管内,声かけ,令和5年4月24日(月)午後5時10分ころ,八幡浜市保内町須川の路上,小学生男女児3人が徒歩で移動中、停車中の車両(白色又は銀色)に乗った男から「こっちにおいで。」と声をかけられたもの。男は手招きをしながら小学生等に声をかけた。,サングラス、マスク着用,八幡浜市保内町須川の,八幡浜市保内町須川,0,green,38.0,愛媛県,エヒメケン,EHIME KEN,38204.0,八幡浜市,ヤワタハマシ,YAWATAHAMA SHI,保内町須川,ホナイチョウスガワ,HONAICHO SUGAWA,,33.483577,132.416987
13,伊予署管内,つきまとい,令和5年4月25日(火)午後5時30分ころ,伊予市下吾川の路上等,女性2人が徒歩で移動中、徒歩の男から後方をつきまとわれたもの。,40歳位、165cm位、中肉、黒色短髪、 上衣:灰色パーカー様(フード付き)、 黒色ダウンジャケット、 下衣:黒色様長ズボン、マスク着用,伊予市下吾川の,伊予市下吾川,0,blue,38.0,愛媛県,エヒメケン,EHIME KEN,38210.0,伊予市,イヨシ,IYO SHI,下吾川,シモアガワ,SHIMOAGAWA,,33.767149,132.708137
15,松山南署管内,声かけ,令和5年4月23日(日)午前11時30分ころ,松山市今在家一丁目の路上,女性が徒歩で移動中、徒歩の男から「かわいいね。」と声をかけられたもの。男は付近に車両(茶色、軽四乗用車)を駐車した後、降車して女性に声をかけた。,20-40歳位、165cm位、黒色短髪、上衣:白色半袖Tシャツ、メガネ、白色マスク着用,松山市今在家一丁目の,松山市今在家一丁目,0,green,38.0,愛媛県,エヒメケン,EHIME KEN,38201.0,松山市,マツヤマシ,MATSUYAMA SHI,今在家一丁目,イマザイケ 1,IMAZAIKE 1,,33.809274,132.791593
16,松山西署管内,声かけ,令和5年4月23日(日)午後8時50分ころ,松山市平田町の路上,女性が自転車で移動中、徒歩の男から「一緒に乗せてくれ。」と声をかけられたもの。,40-50歳位、160-170cm位、中肉、上衣:青色若しくは紺色パーカー様(フード付き)、白色マスク着用,松山市平田町の,松山市平田町,0,green,38.0,愛媛県,エヒメケン,EHIME KEN,38201.0,松山市,マツヤマシ,MATSUYAMA SHI,平田町,ヒラタマチ,HIRATAMACHI,,33.887137,132.754694
17,松山東署管内,写真撮影等,令和5年4月21日(金)午後4時00分ころ,松山市溝辺町の公園内,被害者10人が公園内で遊んでいたところ、徒歩の男から一眼レフカメラを向けられたもの。男は付近に停めていた車(白色)で立ち去った。,40歳位、175cm位、やせ型、黒色短髪、上衣:水色長袖服、下衣:灰色ズボン、一眼レフカメラ所持,松山市溝辺町の,松山市溝辺町,0,写真撮影等,38.0,愛媛県,エヒメケン,EHIME KEN,38201.0,松山市,マツヤマシ,MATSUYAMA SHI,溝辺町,ミゾノベマチ,MIZONOBEMACHI,,33.851633,132.805997
18,西条署管内,写真撮影等,令和5年4月19日(水)午後6時30分ころ,西条市朔日市の路上,女性が車で移動中、自転車に乗車の男から携帯電話機を向けられたもの。男は自転車(黒色、軽快兼用、前かごに黒色バッグ積載、自転車のハンドルにビニール傘を掛けている)に跨った状態で路上に停止していた。,40歳位、170cm位、小太り、黒色短髪(パーマ様)、上下濃紺色作業着、黒色メガネ着用、水色様携帯電話機所持,西条市朔日市の,西条市朔日市,0,写真撮影等,38.0,愛媛県,エヒメケン,EHIME KEN,38206.0,西条市,サイジョウシ,SAIJO SHI,朔日市,ツイタチ,TSUITACHI,,33.928571,133.183796
19,伊予署管内,つきまとい,令和5年4月19日(水)午後5時ころ,伊予市中山町出渕の路上,小学生女児2名が遊んでいたところ、徒歩の男から後方をつきまとわれたもの。,50~60歳位、170~180cm位、上下紺色ジャージ、白色帽子着用、棒所持,伊予市中山町出渕の,伊予市中山町出渕,0,blue,38.0,愛媛県,エヒメケン,EHIME KEN,38210.0,伊予市,イヨシ,IYO SHI,中山町出渕,ナカヤマチョウイズブチ,NAKAYAMACHO IZUBUCHI ,,33.636057,132.729836
20,新居浜署管内,身体露出,令和5年4月17日(月)午後7時50時ころ,新居浜市八幡二丁目の海岸,男が全裸で海岸を歩いていたもの。,50~70歳位、170cm位、ぽっちゃり体系、  黒髪(少し髪が伸びた坊主頭)、裸足,新居浜市八幡二丁目の海岸,新居浜市八幡二丁目の海岸,0,orange,,,,,,,,,,,,,,
21,伊予署管内,声かけ,令和5年4月17日(月)午後4時40分ころ,伊予郡松前町大字筒井の路上,女子中学生が自転車で移動中、普通乗用車(白色)が並走しながら、運転席に乗車の男に「おい。」と声をかけられたもの。,60歳位、メガネ着用、マスクなし,伊予郡松前町大字筒井の,伊予郡松前町大字筒井,0,green,38.0,愛媛県,エヒメケン,EHIME KEN,38401.0,伊予郡松前町,イヨグンマサキチョウ,IYO GUN MASAKI CHO,大字筒井,,,,33.790916,132.699561
22,松山西署管内,声かけ,令和5年4月16日(日)午後3時ころ,松山市高岡町の路上,男子高校生が自転車で移動中、徒歩の女から詳細不明の文言で声をかけられ、追いかけられたもの。,60歳位、150cm位、中肉、黒色のお団子頭、上衣:色不明コート、メガネなし、傘を所持,松山市高岡町の,松山市高岡町,0,green,38.0,愛媛県,エヒメケン,EHIME KEN,38201.0,松山市,マツヤマシ,MATSUYAMA SHI,高岡町,タカオカマチ,TAKAOKAMACHI,,33.830862,132.720361
23,新居浜署管内,身体露出,令和5年4月16日(日)午前7時50時ころ,新居浜市西の土居町二丁目の路上,男が路上を全裸で歩いていたもの。,40歳位、160cm位、小太り、坊主頭、手に布様を所持,新居浜市西の土居町二丁目の,新居浜市西の土居町二丁目,0,orange,38.0,愛媛県,エヒメケン,EHIME KEN,38205.0,新居浜市,ニイハマシ,NIIHAMA SHI,西の土居町二丁目,ニシノドイチョウ 2,NISHINODOICHO 2,,33.950542,133.277428
24,松山西署管内,のぞき・盗撮(迷防),令和5年4月14日(日)午後4時10時ころ,松山市安城寺町の路上,女子高校生が自転車で移動中、自転車(銀色、軽快兼用、前かごに傘を積載)に乗車の男から、追い越しざまにスカートの中を覗き込まれたもの。,中肉、短髪黒髪(襟足が長い)、上衣:デニム様紺色上着、下衣:黒色様長ズボン、黒色マスク着用、傘所持,松山市安城寺町の,松山市安城寺町,0,のぞき・盗撮(迷防),38.0,愛媛県,エヒメケン,EHIME KEN,38201.0,松山市,マツヤマシ,MATSUYAMA SHI,安城寺町,アンジョウジマチ,ANJOJIMACHI,,33.879403,132.740016
25,松山東署管内,声かけ,令和5年4月14日(金)午後3時30分ころ,松山市南江戸四丁目の路上,女子中学生が徒歩で移動中、自転車(銀色、軽快兼用)に乗車の男から「君は、男・女どっち。」等と声をかけられたもの。,18~30歳位、170cm位、中肉、黒髪(セミロング)、上衣:赤色半袖Tシャツ、下衣:黒色ジャージ,松山市南江戸四丁目の,松山市南江戸四丁目,0,green,38.0,愛媛県,エヒメケン,EHIME KEN,38201.0,松山市,マツヤマシ,MATSUYAMA SHI,南江戸四丁目,ミナミエド 4,MINAMIEDO 4,,33.837758,132.741668
26,新居浜署管内,身体露出,令和5年4月14日(金)午前11時ころ,新居浜市滝の宮町の公園内,男が公園内のベンチにズボンを下した状態で座り、下半身を露出させていたもの。,30~40歳位、160~170cm位、やせ型、上衣:暗系色のチェック柄長袖シャツ、下衣:暗系色のジーンズ、四角い枠の黒縁メガネ着用,新居浜市滝の宮町の,新居浜市滝の宮町,0,orange,38.0,愛媛県,エヒメケン,EHIME KEN,38205.0,新居浜市,ニイハマシ,NIIHAMA SHI,滝の宮町,タキノミヤチョウ,TAKINOMIYACHO,,33.945056,133.281811
27,松山南署管内,声かけ,令和5年4月13日(木)午後8時40分ころ,松山市来住町の路上,女性が徒歩で移動中、前方に停車した車両(軽四乗用車、茶色)の助手席から降車した男から「ねえねえ、このぐらいのもの落ちてなかった。」と声をかけられたもの。,30~40歳位、やせ型、身長170~175cm位、長めの明るい茶髪、上衣:パンダ柄長袖様服、運転手の特徴等不明,松山市来住町の,松山市来住町,0,green,38.0,愛媛県,エヒメケン,EHIME KEN,38201.0,松山市,マツヤマシ,MATSUYAMA SHI,来住町,キシマチ,KISHIMACHI,,33.806831,132.800645
28,西予署管内,身体露出,令和5年4月12日(水) 午前0時40分ころ,西予市卯之町四丁目の路上,男が全裸で立っていたもの。,全裸、色不明の目出し帽着用、棒状のもの所持、徒歩,西予市卯之町四丁目の,西予市卯之町四丁目,0,orange,,,,,,,,,,,,,,
29,新居浜署管内,声かけ,令和5年4月10日(月)午後5時50分ころ,新居浜市外山町の一般住宅敷地内,女子中学生等2人が一般住宅敷地内に居たところ、路上に自転車を停めた男から詳細不明の文言で声をかけられたもの。男は、自転車を停めたあと敷地内まで入り、女子中学生等に声かけをした。,50~70歳位、やせ型、身長165センチ位、灰色短髪、上下黒色作業着、無精髭あり、メガネなし、銀色の自転車使用,新居浜市外山町の,新居浜市外山町,0,green,38.0,愛媛県,エヒメケン,EHIME KEN,38205.0,新居浜市,ニイハマシ,NIIHAMA SHI,外山町,トヤマチョウ,TOYAMACHO,,33.940416,133.310427
30,松山東署管内,声かけ,令和5年4月10日(月)午後1時30分ころ,松山市山越五丁目の路上,小学生男児が自転車で移動中、自転車に乗車の男から「小学生?」等と声をかけられたもの。,40~50歳位、中肉、身長160~170センチ位、深緑色長袖シャツ様、黒色長ズボン、黒色帽子、補聴器着用、銀色の軽快兼用自転車使用,松山市山越五丁目の,松山市山越五丁目,0,green,38.0,愛媛県,エヒメケン,EHIME KEN,38201.0,松山市,マツヤマシ,MATSUYAMA SHI,山越五丁目,ヤマゴエ 5,YAMAGOE 5,,33.860839,132.751777
31,宇和島署管内,声かけ,令和5年4月10日(月)午前11時50分ころ,宇和島市津島町高田の路上,小学生男児2名が徒歩で移動中、自動車を運転中の男から「君達、何年生。」「家まで送ってあげるから車乗らない。」等と声をかけられたもの。,70~80歳位、中肉、白髪交じりの黒色短髪、黒色長袖、黒色サングラス、白色マスク着用、4人乗りの車両使用(黄色),宇和島市津島町高田の,宇和島市津島町高田,0,green,38.0,愛媛県,エヒメケン,EHIME KEN,38203.0,宇和島市,ウワジマシ,UWAJIMA SHI,津島町高田,ツシマチョウタカタ,TSUSHIMACHO TAKATA,,33.140558,132.526574
32,松山東署管内,つきまとい,令和5年4月9日(日) 午後3時35分ころ,松山市衣山一丁目の店舗内,女子中学生3人が店舗内にいたところ、男からつきまとわれたもの。,30歳位、やせ型、黒色短髪、上下黒色様服、メガネ(細縁)、マスクあり、徒歩,松山市衣山一丁目の,松山市衣山一丁目,0,blue,38.0,愛媛県,エヒメケン,EHIME KEN,38201.0,松山市,マツヤマシ,MATSUYAMA SHI,衣山一丁目,キヌヤマ 1,KINUYAMA 1,,33.853049,132.746374
33,松山西署管内,つきまとい,令和5年4月8日(土)午後6時25分ころ,松山市東長戸一丁目の路上,女性が徒歩で移動中、徒歩の男からつきまとわれたもの。,中肉、身長160センチ位、黒色スカジャン(袖が銀色)、黒色パーカー(フード付き)、大きめの黒色ズボン、トートバッグ所持、サングラス、黒色マスク着用、徒歩,松山市東長戸一丁目の,松山市東長戸一丁目,0,blue,38.0,愛媛県,エヒメケン,EHIME KEN,38201.0,松山市,マツヤマシ,MATSUYAMA SHI,東長戸一丁目,ヒガシナガト 1,HIGASHINAGATO 1,,33.867559,132.753829
34,新居浜署管内,声かけ,令和5年4月5日(水)午後0時40分ころ,新居浜市城下町の路上,女子高校生が自転車で移動中、徒歩の女から暴言を吐かれ、追いかけられたもの。,30~45歳位、やせ型、身長155~160センチ位、黒髪ベリーショート、紫色ワンピース様、黒色手提げバッグ所持、徒歩,新居浜市城下町の,新居浜市城下町,0,green,38.0,愛媛県,エヒメケン,EHIME KEN,38205.0,新居浜市,ニイハマシ,NIIHAMA SHI,城下町,シロシタチョウ,SHIROSHITACHO,,33.952488,133.30305
35,松山西署管内,声かけ,令和5年4月4日(火) 午後5時5分,松山市安城寺町の路上,男子中学生が徒歩で移動中、対向から接近してきた自転車に乗車の男から「ねえねえ、覚えとる。」等と声をかけられたもの。,40~50歳位、中肉、身長:不明、頭髪:不明、上衣:緑色ダウンジャケット、下衣:緑色長ズボン、自転車(白色か灰色、前かご付き)使用,松山市安城寺町の,松山市安城寺町,1,green,38.0,愛媛県,エヒメケン,EHIME KEN,38201.0,松山市,マツヤマシ,MATSUYAMA SHI,安城寺町,アンジョウジマチ,ANJOJIMACHI,,33.879403,132.740016
36,松山西署管内,声かけ,令和5年4月2日(日)午後5時15分ころ,松山市西長戸町の路上,"男子中学生が徒歩で移動中、自転車に乗車の男から「ご飯食べたいけん、1,000円ちょうだい。」と声をかけられたもの。",40~50歳位、中肉、黒色坊主頭、茶色服、黒色長ズボン、自転車使用,松山市西長戸町の,松山市西長戸町,1,green,38.0,愛媛県,エヒメケン,EHIME KEN,38201.0,松山市,マツヤマシ,MATSUYAMA SHI,西長戸町,ニシナガトチョウ,NISHINAGATOCHO,,33.867813,132.741949
37,松山西署管内,つきまとい,令和5年4月1日(土)午後5時10分ころ,松山市平田町から同市馬木町までの路上,女性が徒歩で移動中、徒歩の男から後方をつきまとわれたもの。,20~30歳位、中肉、身長170センチ位、茶色短髪、赤色様パーカー、色不明ズボン、徒歩,松山市平田町から同市馬木町までの,松山市平田町から同市馬木町まで,0,blue,,,,,,,,,,,,,,
38,西条西署管内,写真撮影等,令和5年3月30日(木)午後5時ころ,西条市新市の公園内,女子中学生が友人等と公園内にいたところ、徒歩の男からスマートフォンを向けられたもの。,20~40歳位、やせ型、身長170~175センチ位、黒色短髪、上下黒色スーツ、メガネあり、灰色マスク、革靴、手帳型ケースのスマートフォン所持、徒歩,西条市新市の,西条市新市,0,写真撮影等,38.0,愛媛県,エヒメケン,EHIME KEN,38206.0,西条市,サイジョウシ,SAIJO SHI,新市,シンイチ,SHINICHI,,33.933956,133.064692
39,松山東署管内,ちかん,令和5年3月27日(月)午後6時15分ころ,松山市南江戸一丁目の店舗内,女性が店舗内に居たところ、男からすれ違いざまに、臀部付近を触られたもの。,50~70歳位、中肉、身長170~175センチ位、白髪交じりの黒色短髪、黄緑色ジャンパー、白色マスク着用、徒歩,松山市南江戸一丁目の,松山市南江戸一丁目,0,gray,38.0,愛媛県,エヒメケン,EHIME KEN,38201.0,松山市,マツヤマシ,MATSUYAMA SHI,南江戸一丁目,ミナミエド 1,MINAMIEDO 1,,33.838208,132.75005
40,今治署管内,声かけ,令和5年3月26日(日)午後0時50分ころ,今治市北宝来町一丁目のバス停,女子中学生がバス停の椅子に座っていたところ、男から「隣座っていいかな。どこかで見たことある。SNSで見たことがある。」等と声をかけられたもの。,20~30歳位、中肉、身長160センチ位、茶色短髪、黒色の服、徒歩、白色マスク、サングラス着用、2人組の男(2人目:20~30歳位),今治市北宝来町一丁目のバス停,今治市北宝来町一丁目のバス停,0,green,,,,,,,,,,,,,,
41,新居浜署管内,写真撮影,令和5年3月24日(金) 午後3時ころ,新居浜市滝の宮町の公園内,小学生男女児が公園内にいたところ、男2人から携帯電話機を向けられたもの。,5人組の男(全員12~18歳位、中高生風、自転車使用、内2名携帯電話所持),新居浜市滝の宮町の,新居浜市滝の宮町,1,lightred,38.0,愛媛県,エヒメケン,EHIME KEN,38205.0,新居浜市,ニイハマシ,NIIHAMA SHI,滝の宮町,タキノミヤチョウ,TAKINOMIYACHO,,33.945056,133.281811
42,松山西署管内,写真撮影,令和5年3月22日(水) 午後5時20分ころ,松山市高岡町の路上,小学生男女児が公園内にいたところ、車両に乗車の男からスマートフォンを向けられたもの。,50~70歳位、身長体型不明、黒色ニット帽着用、スマートフォン所持、銀色自動車使用,松山市高岡町の,松山市高岡町,1,lightred,38.0,愛媛県,エヒメケン,EHIME KEN,38201.0,松山市,マツヤマシ,MATSUYAMA SHI,高岡町,タカオカマチ,TAKAOKAMACHI,,33.830862,132.720361
43,松山南署管内,声かけ,令和5年3月22日(水)午後1時30分ころ,東温市北野田の路上,小学生男女児が徒歩で移動中、バイクから降りた男に「住所どこ、どこに住んどん。」等と声をかけられたもの。,60~70歳位、小肥、身長160センチ位、白色短髪、上下白色作業着、白色帽子、白色長靴着用、ヘルメット所持、バイク使用(原付様),東温市北野田の,東温市北野田,0,green,38.0,愛媛県,エヒメケン,EHIME KEN,38215.0,東温市,トウオンシ,TOON SHI,北野田,キタノダ,KITANODA,,33.793893,132.832002
44,四国中央署管内,声かけ,令和5年3月21日(火) 午後10時00分ころ,四国中央市三島中央三丁目の駅構内,女性が駅構内を移動中、同女の前方に立ち塞がった男から「お姉さん、お姉さん。」等と声をかけられたもの。,35~50歳位、小肥、ボサボサ頭の黒髪、青色様の上着、ベージュ色ズボン、徒歩,四国中央市三島中央三丁目の駅構内,四国中央市三島中央三丁目の駅構内,0,green,,,,,,,,,,,,,,
45,松山西署管内,声かけ,令和5年3月19日(日) 午後6時ころ,松山市古三津二丁目の路上,女子中学生が徒歩で移動中、自転車に乗車の男から「お金がないので貸してほしい。」と声をかけられたもの。,70~80歳位、やせ型、身長170センチ位、頭髪:ボサボサ頭、白髪交じりの黒色、上衣:不明、下衣:青色ズボン、無精髭、メガネ・マスクなし、自転車(黒色、ママチャリ風)使用,松山市古三津二丁目の,松山市古三津二丁目,0,green,38.0,愛媛県,エヒメケン,EHIME KEN,38201.0,松山市,マツヤマシ,MATSUYAMA SHI,古三津二丁目,フルミツ 2,FURUMITSU 2,,33.859043,132.727179
46,西条署管内,身体露出,令和5年3月19日(日) 午後4時40分ころ,西条市飯岡の路上,男が、自転車にまたがった状態で下半身を露出していたもの。,20歳位、中肉、上衣:不明、下衣:色不明のズボン様、サイクリスト風、白色半キャップ型様ヘルメット着用、ロードバイク様の自転車使用,西条市飯岡の,西条市飯岡,0,orange,38.0,愛媛県,エヒメケン,EHIME KEN,38206.0,西条市,サイジョウシ,SAIJO SHI,飯岡,イイオカ,IIOKA,,33.914907,133.224739
48,久万高原署管内,声かけ,令和5年3月16日(木) 午後3時10分ころ,上浮穴郡久万高原町の路上,小学生男女児が徒歩で移動中、徒歩の男から名前を呼ばれ、暴言を吐かれたもの。,40~70歳位、中肉、肌色服、緑色ハット帽、メガネ着用、緑色リュックサック所持、徒歩,上浮穴郡久万高原町の,上浮穴郡久万高原町,0,green,,,,,,,,,,,,,,
49,新居浜署管内,声かけ,令和5年3月15日(水) 午前10時40分,新居浜市瀬戸町の店舗駐車場内,女子高校生が店舗駐車場にいたところ、車で来店した男から「電話番号教えて。どっか行くん。」等と声をかけられたもの。,60歳位、やせ型、上下黒色の服、白色マスク、白色キャップ帽着用、白色の普通乗用自動車使用,新居浜市瀬戸町の,新居浜市瀬戸町,0,green,38.0,愛媛県,エヒメケン,EHIME KEN,38205.0,新居浜市,ニイハマシ,NIIHAMA SHI,瀬戸町,セトチョウ,SETOCHO,,33.944717,133.3005
50,松山西署管内,不審者,令和5年3月14日(火) 午後11時30分ころ,松山市高岡町の路上,女性が徒歩で移動中、交差点で佇む男から凝視されたもの。その後、男は木陰に隠れる等していた。,35~40歳位、中肉、身長170センチ位、黒色短髪、赤色ナイロン製パーカー、黒色短パン、黒色スパッツ、白色軍手、黒色スニーカー着用、携帯電話機様を所持、徒歩,松山市高岡町の,松山市高岡町,2,purple,38.0,愛媛県,エヒメケン,EHIME KEN,38201.0,松山市,マツヤマシ,MATSUYAMA SHI,高岡町,タカオカマチ,TAKAOKAMACHI,,33.830862,132.720361
51,今治署管内,つきまとい,令和5年3月13日(月) 午後5時40分,今治市常盤町五丁目から同市泉川町一丁目までの路上,男子中学生が徒歩で移動中、徒歩の男から後方をつきもとわれたもの。,50~60歳位、がっちり型、身長160センチ位、上衣:緑色上着、セーター、下衣:濃青色ジーパン、黒色様キャップ帽、メガネ着用、徒歩,今治市常盤町五丁目から同市泉川町一丁目までの,今治市常盤町五丁目から同市泉川町一丁目まで,0,blue,,,,,,,,,,,,,,
52,今治署管内,不審者,令和5年3月13日(月) 午後2時40分,今治市石井町四丁目の路上,女子中学生が自転車で移動中、対向してきた自転車に乗車の男から車体を当てられそうになったもの。,60~70歳位、中肉、黒髪、紺色ジャンパー、黒色ズボン、猫背、灰色ニット帽着用、黒色自転車使用,今治市石井町四丁目の,今治市石井町四丁目,0,purple,38.0,愛媛県,エヒメケン,EHIME KEN,38202.0,今治市,イマバリシ,IMABARI SHI,石井町四丁目,イシイチョウ 4,ISHIICHO 4,,34.084415,132.986241
53,松山東署管内,声かけ,令和5年3月11日(土) 午後6時8分,松山市本町三丁目の路上,女子中学生が徒歩で移動中、徒歩の男から「今、帰り?」「どこから来たの?」等と声をかけられたもの。,60~70歳位、中肉、身長160センチ位、髪型不明、上衣:紺系暗色の長袖福、下衣:暗色ズボン、帽子着用、紺色リュックサック所持、帽子着用、徒歩,松山市本町三丁目の,松山市本町三丁目,0,green,38.0,愛媛県,エヒメケン,EHIME KEN,38201.0,松山市,マツヤマシ,MATSUYAMA SHI,本町三丁目,ホンマチ 3,HOMMACHI 3,,33.846311,132.758643
54,宇和島署管内,声かけ,令和5年3月11日(土) 午後1時ころ,宇和島市栄町港二丁目の路上,女子中学生が自転車で移動中、交差点で信号待ちをしていたところ、自転車に乗車の男から自転車のタイヤとタイヤを接触させられ、「触ったらいけないから、自転車のタイヤをくっつけてみた。」等と声を掛けられたもの。,50~60歳位、中肉、身長160センチ位、黒色短髪、上衣:黒色様服、色黒、白色用自転車利用・ヘルメットなし,宇和島市栄町港二丁目の,宇和島市栄町港二丁目,0,green,38.0,愛媛県,エヒメケン,EHIME KEN,38203.0,宇和島市,ウワジマシ,UWAJIMA SHI,栄町港二丁目,サカエマチミナト 2,SAKAEMACHIMINATO 2,,33.222036,132.56031
55,四国中央署管内,写真撮影等,令和5年3月10日(金)午後3時30分,四国中央市金田町の公園内,小学生女児2人が公園内にいたところ、男からスマートフォンを向けられたもの。,35歳位、中肉、身長165センチ位、茶色短髪、黒長袖ジャージ、青色ジーパン、白色マスク着用、スマートフォン(黒色カバー付)所持、徒歩,四国中央市金田町の,四国中央市金田町,0,写真撮影等,,,,,,,,,,,,,,
56,新居浜署管内,声かけ,令和5年3月9日(木) 午後3時30分ころ,新居浜市久保田町一丁目の路上,小学生女児が歩行中、3人組の男から「お菓子あげるから、一緒に遊ぼう。」と声をかけられたもの。,20歳位、身長165センチ位、茶髪、ベージュ色の服、徒歩、3人組の男(2人目:身長165センチ位、黒色様の服、帽子着用、3人目:不詳),新居浜市久保田町一丁目の,新居浜市久保田町一丁目,0,green,38.0,愛媛県,エヒメケン,EHIME KEN,38205.0,新居浜市,ニイハマシ,NIIHAMA SHI,久保田町一丁目,クボタチョウ 1,KUBOTACHO 1,,33.956818,133.28341
57,宇和島署管内,のぞき・盗撮,令和5年3月8日(水) 午前8時ころ,宇和島市広小路の路上,女子中学生が自転車で走行中、路上に座り込んだ男が、被害者のスカート内が見える角度で覗いていたもの。,60~70歳位、中肉、低めの身長、紺又は青色作業着様、紺又は青色長ズボン、茶色帽子・白色マスク着用、徒歩,宇和島市広小路の,宇和島市広小路,0,pink,38.0,愛媛県,エヒメケン,EHIME KEN,38203.0,宇和島市,ウワジマシ,UWAJIMA SHI,広小路,ヒロコウジ,HIROKOJI,,33.216292,132.567751
58,松山西署管内,声かけ,令和5年3月7日(火) 午後0時ころ,松山市南斎院町の路上,女子中学生が自転車で走行中、自転車に乗った6人組の男から「名前教えてや。」「どこの中学行きよん?」「無視すんなや。」等と声をかけられたもの。,15~18歳位、小肥、身長170センチ位、頭髪:金色短髪、着衣不明、自転車使用、6人組,松山市南斎院町の,松山市南斎院町,0,green,38.0,愛媛県,エヒメケン,EHIME KEN,38201.0,松山市,マツヤマシ,MATSUYAMA SHI,南斎院町,ミナミサヤチョウ,MINAMISAYACHO,,33.83303,132.731679
59,宇和島署管内,つきまとい,令和5年3月2日(木)午後3時30分ころ,宇和島市伊吹町の路上,小学生男児が路上にいたところ、男から意味不明な言葉を言われ、走って追いかけられたもの。,15~18歳位、やせ型、170センチ位、黒色短髪、上下黒色学生服様、灰色バッグ所持、マスク・メガネなし、徒歩,宇和島市伊吹町の,宇和島市伊吹町,0,blue,38.0,愛媛県,エヒメケン,EHIME KEN,38203.0,宇和島市,ウワジマシ,UWAJIMA SHI,伊吹町,イブキチョウ,IBUKICHO,,33.234583,132.579287
63,西条署管内,身体露出,令和5年3月1日(水)午後4時30分ころ,西条市飯岡の路上,男が路上でズボンを下ろし、下半身を露出していたもの。,60~70歳位、中肉、白髪、ズボン、徒歩,西条市飯岡の,西条市飯岡,1,orange,38.0,愛媛県,エヒメケン,EHIME KEN,38206.0,西条市,サイジョウシ,SAIJO SHI,飯岡,イイオカ,IIOKA,,33.914907,133.224739
65,松山南署管内,身体露出,令和5年3月1日(水)午前11時50分ころ,松山市来住町の路上,男が土手沿いに停車させた車両内で下半身を露出していたもの。,上衣:不明、下衣:裸、自動車使用(白色、ボックスタイプ、軽四自動車様),松山市来住町の,松山市来住町,1,orange,38.0,愛媛県,エヒメケン,EHIME KEN,38201.0,松山市,マツヤマシ,MATSUYAMA SHI,来住町,キシマチ,KISHIMACHI,,33.806831,132.800645
66,松山西署管内,つきまとい,令和5年2月28日(火)午後5時ころ,松山市石風呂町の路上,男子高校生が自転車に乗車中、原付バイクに乗車した男女2人組から近づかれた上、後方をつきまとわれたもの。,40~50歳位、二種原付(ピンク色ナンバープレート)、白色ヘルメット着用、2人組(女、40~50歳位、二種原付の後部座席に乗車、ピンク色ヘルメット着用),松山市石風呂町の,松山市石風呂町,0,blue,38.0,愛媛県,エヒメケン,EHIME KEN,38201.0,松山市,マツヤマシ,MATSUYAMA SHI,石風呂町,イシフロマチ,ISHIFUROMACHI,,33.875987,132.717067
67,宇和島署管内,つきまとい,令和5年2月28日(火) 午後4時ころ,宇和島市住吉町二丁目から同市朝日町四丁目までの路上,女子中学生2人が自転車で走行中、後方から走って近づいてきた男に「見つけた。」等と言われながら追いかけられたもの。,40歳位、小肥、身長170~180センチ位、ぼさぼさ頭の黒髪、赤、緑、黄土色3色のジャケット、赤又は茶色長ズボン、帽子・メガネ・マスクなし、徒歩,宇和島市住吉町二丁目から同市朝日町四丁目までの,宇和島市住吉町二丁目から同市朝日町四丁目まで,0,blue,,,,,,,,,,,,,,
68,伯方署管内,声かけ,令和5年2月25日(土) 午前10時45分ころ,越智郡上島町岩城から同町弓削佐島までを航行中の船舶内,女子高校生3人が船舶に乗船中、男から乱暴な言葉を叫ばれたもの。,50~70歳位、やせ型、身長170センチ位、白色短髪、黒色サイクリング用ジャージ、黒色サイクリング用ズボン、自転車使用,越智郡上島町岩城から同町弓削佐島までを航行中の船舶内,越智郡上島町岩城から同町弓削佐島までを航行中の船舶内,0,green,,,,,,,,,,,,,,
69,松山西署管内,つきまとい,令和5年2月23日(木) 午後7時30分ころ,松山市北斎院町から同市南斎院町までの路上,女子高校生が自転車で走行中、前方を歩いていた男2人を追い抜いたところ、同男2人に走って追いかけられたもの。,若い感じの2人組(20歳位)、徒歩,松山市北斎院町から同市南斎院町までの,松山市北斎院町から同市南斎院町まで,0,blue,,,,,,,,,,,,,,
70,宇和島署管内,声かけ,令和5年2月21日(火) 午後2時50分ころ,宇和島市文京町の路上,小学生女児4人が歩行中、徒歩で近づいてきた男から、1万円札を見せられ「お菓子を買ってあげるからついておいで。」と声をかけられたもの。,50~70歳位、中肉、身長165センチ位、白髪混じりの短髪、紺色ジャンパー、黒色ズボン、黒色キャップ帽着用、黒色傘所持、マスクなし、徒歩,宇和島市文京町の,宇和島市文京町,0,green,38.0,愛媛県,エヒメケン,EHIME KEN,38203.0,宇和島市,ウワジマシ,UWAJIMA SHI,文京町,ブンキョウチョウ,BUNKYOCHO,,33.2163,132.559097
71,松山東署管内,つきまとい,令和5年2月21日(火) 午後0時30分ころ,松山市愛光町の路上,女子中学生が自転車で走行中、バイクに乗った男から後方をつきまとわれたもの。,60~70歳位、ヘルメットから少しはみ出る長さの白髪混じり、上下黒色の服、黒色半キャップ型ヘルメット着用、メガネ・マスクなし、オートバイ使用(黒色様、スクータータイプ),松山市愛光町の,松山市愛光町,0,blue,38.0,愛媛県,エヒメケン,EHIME KEN,38201.0,松山市,マツヤマシ,MATSUYAMA SHI,愛光町,アイコウチョウ,AIKOCHO,,33.846316,132.749193
72,松山東署管内,身体露出,令和5年2月20日(月) 午後0時45分ころ,松山市畑寺一丁目の路上,男が路上で下半身を露出し、屈んでいたもの。,肥満、紺色作業着、紺色又は黒色様の長ズボン、徒歩,松山市畑寺一丁目の,松山市畑寺一丁目,0,orange,38.0,愛媛県,エヒメケン,EHIME KEN,38201.0,松山市,マツヤマシ,MATSUYAMA SHI,畑寺一丁目,ハタデラ 1,HATADERA 1,,33.833533,132.800314
73,松山東署管内,不審者,令和5年2月17日(金) 午前0時10分ころ,松山市土居田町の集合住宅,男女2人が集合住宅に在宅中、男から玄関のドアノブを回され、玄関ドアを開けられそうになったもの。,肥満、身長170~180センチ位、黒色パーカー様、黒色ズボン、徒歩,松山市土居田町の集合,松山市土居田町の集合,0,purple,,,,,,,,,,,,,,
74,松山南署管内,暴行,令和5年2月16日(木) 午後3時40分ころ,松山市来住町の路上,女子中学生が歩行中、対向から歩いて来た男から「行こう。」と言って手首を掴まれ、引っ張られたもの。,50~70歳位、やせ型、身長165センチ位、白髪、黒色様長袖、黒縁メガネ・白色マスク着用、徒歩,松山市来住町の,松山市来住町,2,red,38.0,愛媛県,エヒメケン,EHIME KEN,38201.0,松山市,マツヤマシ,MATSUYAMA SHI,来住町,キシマチ,KISHIMACHI,,33.806831,132.800645
75,西条署管内,つきまとい,令和5年2月15日(水) 午後4時30分,西条市玉津の店舗内内,小学生女児2人が店舗内で買い物中、男から後方をつきまとわれたもの。,35~45歳位、やせ型、身長175~180センチ位、頭髪:黒色・耳くらいまでの長さ・くせ毛、上衣:赤色上着、下衣:黒色ズボン短髪、黒色コート、マスク・メガネなし、徒歩,西条市玉津の,西条市玉津,0,blue,38.0,愛媛県,エヒメケン,EHIME KEN,38206.0,西条市,サイジョウシ,SAIJO SHI,玉津,タマツ,TAMATSU,,33.925796,133.201258
76,松山南署管内,写真撮影等,令和5年2月10日(金) 午後4時30分ころ,東温市南方の路上,小学生女児が一般住宅の玄関先にいたところ、徒歩で近づいてきた男から、腰辺りに構えたスマートフォンを向けられたもの。男は、小学生女児の横を通り過ぎた後も、スマートフォンを向けていた。,30~40歳位、小肥、身長160センチ位、上下黒色様の服、黒色スマートフォン所持、メガネなし、徒歩,東温市南方の,東温市南方,0,写真撮影等,38.0,愛媛県,エヒメケン,EHIME KEN,38215.0,東温市,トウオンシ,TOON SHI,南方,ミナミガタ,MINAMIGATA,,33.788918,132.902291
77,大洲署管内,つきまとい,令和5年2月9日(木)午後10時ころ,大洲市東大洲の路上,女性が歩行中、車両に乗車の男から、歩く速度に合わせて並走されつきまとわれたもの。,30歳位、黒色様短髪、メガネ・帽子なし、黒色の軽四自動車使用,大洲市東大洲の,大洲市東大洲,0,blue,38.0,愛媛県,エヒメケン,EHIME KEN,38207.0,大洲市,オオズシ,OZU SHI,東大洲,ヒガシオオズ,HIGASHIOZU,,33.527646,132.571139
78,松山南署管内,写真撮影等,令和5年2月9日(木)午前7時ころ,松山市東方町甲の路上,女子中学生2人が自転車で走行中、路上に停車していた車両に乗車の男から、スマートフォンを向けられたもの。,40歳位、白髪混じりの頭髪、黒色スマートフォン所持、メガネ・マスク・ひげなし、灰色の自動車使用(セダンタイプ),松山市東方町甲の,松山市東方町,0,写真撮影等,38.0,愛媛県,エヒメケン,EHIME KEN,38201.0,松山市,マツヤマシ,MATSUYAMA SHI,東方町,ヒガシガタマチ,HIGASHIGATAMACHI,,33.763088,132.820612
79,大洲署管内,声かけ,令和5年2月8日(水) 午後3時10分ころ,大洲市若宮の路上,小学生男女児4人が歩行中、後方から来た自転車に乗車の男から「お名前は何?」と声をかけられたもの。,60~70歳位、中肉、黒色短髪、茶色の服、黒色ズボン、マスクなし、自転車使用,大洲市若宮の,大洲市若宮,0,green,38.0,愛媛県,エヒメケン,EHIME KEN,38207.0,大洲市,オオズシ,OZU SHI,若宮,ワカミヤ,WAKAMIYA,,33.521514,132.549221
80,大洲署管内,声かけ,令和5年2月6日(月) 午後3時ころ,喜多郡内子町内子の店舗内,未就学児が親族と店舗内にいたところ、男から腕を掴まれ「どこの子?」等と声をかけられたもの。,70~80歳位、上衣:紺色トレーナー、下衣:灰色ズボン、黒色帽子着用、徒歩,喜多郡内子町内子の,喜多郡内子町内子,0,green,38.0,愛媛県,エヒメケン,EHIME KEN,38422.0,喜多郡内子町,キタグンウチコチョウ,KITA GUN UCHIKO CHO,内子,ウチコ,UCHIKO,,33.551735,132.647879
81,新居浜署管内,声かけ,令和5年2月5日(日) 午前8時30分ころ,新居浜市角野新田町三丁目の屋外施設,小学生男児が親族と屋外施設で遊んでいたところ、女から暴言を吐かれ、持っていたスマートフォンを向けられたもの。,20~40歳位、耳が出る位の長さの黒髪、ベージュ色ノースリーブダウン、暗色の長ズボン、スマートフォン所持、徒歩,新居浜市角野新田町三丁目の,新居浜市角野新田町三丁目,0,green,38.0,愛媛県,エヒメケン,EHIME KEN,38205.0,新居浜市,ニイハマシ,NIIHAMA SHI,角野新田町三丁目,スミノシンデンチョウ 3,SUMINOSHINDENCHO 3,,33.923881,133.311069
82,今治署管内,のぞき・盗撮,令和5年2月4日(土) 午前0時ころ,今治市宮下町一丁目の集合住宅,女性が在宅中、男から窓越しに室内を覗かれたもの。,中肉、身長170~175センチ位、長めの髪、黒色様ダウン、ジーパン、徒歩,今治市宮下町一丁目の集合,今治市宮下町一丁目の集合,0,pink,,,,,,,,,,,,,,
83,松山西署管内,のぞき・盗撮,令和5年2月3日(金) 午後4時25分ころ,松山市高岡町の路上,女子中学生が歩行中、後方を歩いていた男から、中腰の状態でスマートフォンをスカート内に向けられたもの。,25~30歳位、やせ型、身長170センチ位、黒色短髪(眉毛にかかる位の長さ)、黒色ジャンパー、黒色長ズボン、黒色ブーツ・紺色マスク着用、黒色手帳型カバー付きスマートフォン所持、徒歩,松山市高岡町の,松山市高岡町,3,pink,38.0,愛媛県,エヒメケン,EHIME KEN,38201.0,松山市,マツヤマシ,MATSUYAMA SHI,高岡町,タカオカマチ,TAKAOKAMACHI,,33.830862,132.720361
84,松山南署管内,つきまとい,令和5年2月2日(木) 午後5時ころ,松山市東石井七丁目から同市北井門一丁目までの路上,女子中学生が歩行中、男から一定の距離を保ちながらつきまとわれたもの。,20~30歳位、やせ型、身長170センチ位、黒色短髪、モコモコした黒色ジャンパー、黒色スラックス、白色マスク着用、メガネなし、徒歩,松山市東石井七丁目から同市北井門一丁目までの,松山市東石井七丁目から同市北井門一丁目まで,0,blue,,,,,,,,,,,,,,
85,新居浜署管内,身体露出,令和5年1月31日(火) 午後7時15分ころ,新居浜市東雲町三丁目の路上,男がズボンを太もも辺りまで下ろし、下半身を露出させた状態で歩いていたもの。,30歳位、やせ型、低めの身長、上衣:ジャージ様、下衣:ジーンズ様、徒歩,新居浜市東雲町三丁目の,新居浜市東雲町三丁目,0,orange,38.0,愛媛県,エヒメケン,EHIME KEN,38205.0,新居浜市,ニイハマシ,NIIHAMA SHI,東雲町三丁目,シノノメチョウ 3,SHINONOMECHO 3,,33.9611,133.300771
86,松山東署管内,身体露出,令和5年1月31日(火) 午後4時30分ころ,松山市緑町二丁目の集合住宅,男がズボンのチャックから下半身を露出させた状態で、集合住宅の階段上に立っていたもの。,30~40歳位、中肉、ボサっとした短髪、マスク・メガネなし、徒歩,松山市緑町二丁目の集合,松山市緑町二丁目の集合,0,orange,,,,,,,,,,,,,,
87,松山西署管内,声かけ,令和5年1月30日(月) 午後1時15分ころ,松山市久万ノ台の路上,女性ら数人が店舗先の路上に並んでいたところ、犬を連れて歩く男から大声で暴言を吐かれたもの。,40~60歳位、身長160~165センチ位、白髪混じりで長くも短くもない髪型、黒色様ジャンパー、犬を連れていた、徒歩,松山市久万ノ台の,松山市久万ノ台,0,green,38.0,愛媛県,エヒメケン,EHIME KEN,38201.0,松山市,マツヤマシ,MATSUYAMA SHI,久万ノ台,クマノダイ,KUMANODAI,,33.859432,132.742567
88,松山西署管内,声かけ,令和5年1月28日(土) 午後6時ころ,松山市北条の路上,女子中学生が歩行中、犬を連れて歩く男から「LINE交換しない?」等と声をかけられたもの。,50~60歳位、中肉、身長170センチ位、白髪混じりの短髪、オレンジ色ジャンパー、犬を連れている、徒歩,松山市北条の,松山市北条,0,green,38.0,愛媛県,エヒメケン,EHIME KEN,38201.0,松山市,マツヤマシ,MATSUYAMA SHI,北条,ホウジョウ,HOJO,,33.978983,132.779623
89,松山東署管内,声かけ,令和5年1月27日(金) 午後4時20分ころ,松山市岩崎町二丁目の路上,小学生女児が歩行中、男から「6年生?」「どこの中学校行くん?」「名前は?」等と声をかけられ、つきまとわれたもの。,70~80歳位、中肉、身長150~160センチ位、黄緑色ダウン、暗色ズボン、黒色か紺色ニット帽・茶色縁メガネ・白色マスク着用、徒歩,松山市岩崎町二丁目の,松山市岩崎町二丁目,0,green,38.0,愛媛県,エヒメケン,EHIME KEN,38201.0,松山市,マツヤマシ,MATSUYAMA SHI,岩崎町二丁目,イワサキマチ 2,IWASAKIMACHI 2,,33.846113,132.784088
90,四国中央署管内,つきまとい,令和5年1月25日(水) 午後7時ころ,四国中央市村松町の路上,女性が子供と歩行中、対向から歩いて来た男から、すれ違い後にUターンしてつきまとわれたもの。,30歳位、中肉、身長175センチ位、上下暗色ジャージ(胸元が白く光っていた)、ニット帽着用、徒歩,四国中央市村松町の,四国中央市村松町,0,blue,38.0,愛媛県,エヒメケン,EHIME KEN,38213.0,四国中央市,シコクチュウオウシ,SHIKOKUCHUO SHI,村松町,ムラマツチョウ,MURAMATSUCHO,,33.997561,133.554638
91,松山東署管内,写真撮影等,令和5年1月24日(火) 午前11時ころ,松山市湊町七丁目の路上,女子高校生が路上にいたところ、電柱に隠れた男からデジタルカメラを向けられたもの。,50~60歳位、ベージュ色の服、紺色ジーパン、灰色ニット帽・黒色運動靴着用、黒色リュックサック・レジ袋・銀色デジタルカメラ所持、徒歩,松山市湊町七丁目の,松山市湊町七丁目,0,写真撮影等,38.0,愛媛県,エヒメケン,EHIME KEN,38201.0,松山市,マツヤマシ,MATSUYAMA SHI,湊町七丁目,ミナトマチ 7,MINATOMACHI 7,,33.835713,132.755855
92,今治署管内,凝視,令和5年1月23日(月) 午後4時ころ,今治市別宮町九丁目の集合住宅敷地内,小学生女児が集合住宅の敷地内で、男から凝視されたもの。,30~40歳位、中肉、身長170センチ位、黒色短髪、上下紺色作業着、徒歩,今治市別宮町九丁目の集合,今治市別宮町九丁目の集合,0,凝視,,,,,,,,,,,,,,
93,松山東署管内,つきまとい,令和5年1月23日(月) 午後3時50分ころ,松山市湊町五丁目から同市立花二丁目までを走行中の電車内,女子高校生が電車に乗車中、男から「高校生ですか?専門学生ですか?帰りですか?」等と声をかけられ、電車から降車した後もつきまとわれたもの。,20~30歳位、中肉、身長165~170センチ位、黒色短髪(目・耳にかからない程度)、上衣長袖、茶色長ズボン、黒色スニーカー着用、黒色リュックサック所持、メガネ・マスク・ヒゲなし、徒歩,松山市湊町五丁目から同市立花二丁目までを走行中の電車内,松山市湊町五丁目から同市立花二丁目までを走行中の電車内,0,blue,,,,,,,,,,,,,,
94,西条署管内,身体露出,令和5年1月23日(月) 午前10時30分ころ,西条市飯岡から同市下島山甲までの路上,女子中学生が自転車で走行中、自転車に乗った全裸の男からつきまとわれたもの。,30~50歳位、中肉、身長160~170センチ位、黒色短髪(薄毛)、全裸、自転車使用(銀色、カゴ付き、ママチャリ様),西条市飯岡から同市下島山甲までの,西条市飯岡から同市下島山甲まで,0,orange,,,,,,,,,,,,,,
95,新居浜署管内,つきまとい,令和5年1月19日(木) 午後4時30分ころ,新居浜市泉宮町から同市泉池町までの路上,小学生男児が歩行中、自転車に乗った男から「こんにちは」と声をかけられ、すれ違い後Uターンして後方をつきまとわれたもの。,60歳位、中肉、白色短髪、赤色ジャンパー、黒色長ズボン、灰色帽子着用、銀色自転車使用,新居浜市泉宮町から同市泉池町までの,新居浜市泉宮町から同市泉池町まで,0,blue,,,,,,,,,,,,,,
96,四国中央署管内,身体露出,令和5年1月17日(火) 午後6時45分ころ,四国中央市寒川町の路上,女子中学生が歩行中、男から追い抜きざまに声をかけられ、露出させた下半身を見せつけられたもの。,男、徒歩,四国中央市寒川町の,四国中央市寒川町,0,orange,38.0,愛媛県,エヒメケン,EHIME KEN,38213.0,四国中央市,シコクチュウオウシ,SHIKOKUCHUO SHI,寒川町,サンガワチョウ,SANGAWACHO,,33.952462,133.507717
98,今治署管内,声かけ,令和5年1月17日(火) 午後3時50分ころ,今治市喜田村六丁目の路上,小学生男児2人が歩行中、2人組の男から「写真を撮らせてほしい。」「写真を送るから住所教えて。」「ジュース買ってあげるから。」等と声をかけられたもの。,20~30歳位、中肉、身長170センチ位、黒色短髪、上下黒色様の服、黒色マスク着用、スマートフォン所持、徒歩、同伴者:男(20~30歳位、中肉、身長165センチ位、黒色短髪、上下黒色様の服),今治市喜田村六丁目の,今治市喜田村六丁目,0,green,38.0,愛媛県,エヒメケン,EHIME KEN,38202.0,今治市,イマバリシ,IMABARI SHI,喜田村六丁目,キタムラ 6,KITAMURA 6,,34.044306,133.022631
99,今治署管内,写真撮影,令和5年1月16日(月) 午後1時ころ,今治市馬越町四丁目の店舗駐車場内,女性が駐車中の車両内にいたところ、隣に駐車した車両の運転席に乗っていた男から、女性に背を向けて自撮りするような状態でスマートフォンを向けられたもの。,40歳位、小肥、黒色短髪、黒色様長袖、大きな目、タバコを吸っていた、メガネ・マスクなし、黒色普通乗用車使用,今治市馬越町四丁目の,今治市馬越町四丁目,0,lightred,38.0,愛媛県,エヒメケン,EHIME KEN,38202.0,今治市,イマバリシ,IMABARI SHI,馬越町四丁目,ウマゴエチョウ 4,UMAGOECHO 4,,34.055246,132.981332
100,松山南署管内,身体露出,令和5年1月13日(金) 午後7時20分ころ,東温市牛渕の路上,全裸の男が、路上に立っていたもの。,全裸、目出し帽着用、徒歩,東温市牛渕の,東温市牛渕,0,orange,38.0,愛媛県,エヒメケン,EHIME KEN,38215.0,東温市,トウオンシ,TOON SHI,牛渕,ウシブチ,USHIBUCHI,,33.790706,132.848621
101,西条西署管内,身体露出,令和5年1月12日(木) 午後5時ころ,西条市三津屋の路上,女性が歩行中、車両から声をかけてきた男が、車を止めて降車し「出すぞ、出すぞ。」と言って近づきながら、ズボンから露出させた下半身を見せつけてきたもの。,20~30歳位、中肉、ツーブロックの黒髪、黒色トレーナー、黒色ズボン、軽トラック使用,西条市三津屋の,西条市三津屋,0,orange,38.0,愛媛県,エヒメケン,EHIME KEN,38206.0,西条市,サイジョウシ,SAIJO SHI,三津屋,ミツヤ,MITSUYA,,33.934752,133.086945
102,松山東署管内,つきまとい,令和5年1月11日(水) 午後8時ころ,松山市道後湯之町の路上,女性が歩行中、男から「あのー、こんばんは。」と声をかけられ、つきまとわれたもの。,30~40歳位、中肉、身長160センチ位、黒色短髪、濃い緑色ジャンパー、青色ジーパン、濃い顔、白色マスク着用、メガネなし、徒歩,松山市道後湯之町の,松山市道後湯之町,0,blue,38.0,愛媛県,エヒメケン,EHIME KEN,38201.0,松山市,マツヤマシ,MATSUYAMA SHI,道後湯之町,ドウゴユノマチ,DOGO YUNOMACHI,,33.851251,132.785321
103,松山東署管内,つきまとい,令和5年1月11日(水) 午後5時50分ころ,松山市湊町七丁目の施設内,女子高校生が施設内で、男から聞き取れない言葉をかけられ、つきまとわれたもの。,30~45歳位、やせ型、身長165~170センチ位、黒色短髪、上衣:黒色長袖ジャンパー・灰色トレーナー、下衣:灰色長ズボン、猫背、ショルダーバッグ所持、黒縁メガネ・白色不織布マスク着用、帽子なし、徒歩,松山市湊町七丁目の,松山市湊町七丁目,1,blue,38.0,愛媛県,エヒメケン,EHIME KEN,38201.0,松山市,マツヤマシ,MATSUYAMA SHI,湊町七丁目,ミナトマチ 7,MINATOMACHI 7,,33.835713,132.755855
104,西条西署管内,身体露出,令和5年1月10日(火) 午後5時30分ころ,西条市三津屋東の路上,女性が歩行中、前方に立ち塞がった男から「見える?」と声をかけられ、下半身を見せつけられたもの。,25~30歳位、中肉、黒色短髪、上下灰色の服、メガネ・マスクなし、徒歩,西条市三津屋東の,西条市三津屋東,0,orange,38.0,愛媛県,エヒメケン,EHIME KEN,38206.0,西条市,サイジョウシ,SAIJO SHI,三津屋東,ミツヤヒガシ,MITSUYAHIGASHI,,33.933834,133.092862
105,松山南署管内,不審者,令和5年1月10日(火) 午後5時ころ,東温市下林の一般住宅,小学生女児が在宅中、男から玄関のドアノブをガチャガチャと回され、ドアを開けられそうになったもの。,70歳位、キャップ帽着用,東温市下林の,東温市下林,0,purple,38.0,愛媛県,エヒメケン,EHIME KEN,38215.0,東温市,トウオンシ,TOON SHI,下林,シモバヤシ,SHIMOBAYASHI,,33.758917,132.869324
106,松山東署管内,不審者,令和5年1月9日(月) 午後9時ころ,松山市小栗三丁目の路上,女性が自転車で走行中、道路を横断して駆け寄ってきた徒歩の男から腕を掴まれそうになったもの。,20~30歳位、中肉、身長170センチ位、上衣:黒色パーカー、下衣:黒色スウェット、徒歩,松山市小栗三丁目の,松山市小栗三丁目,0,purple,38.0,愛媛県,エヒメケン,EHIME KEN,38201.0,松山市,マツヤマシ,MATSUYAMA SHI,小栗三丁目,オグリ 3,OGURI 3,,33.827376,132.759671
107,松山南署管内,不審者,令和5年1月9日(月) 午後4時30分ころ,松山市鷹子町の集合住宅敷地内,男が集合住宅の敷地内に立っていたもの。別の日も、同男が同じ場所に立っており、目撃者が男に目を向けると逃げて行った。,25~40歳位、身長170~180センチ位、短髪、黒色コート、ズボン様、大きい目、マスク着用、徒歩,松山市鷹子町の集合,松山市鷹子町の集合,0,purple,,,,,,,,,,,,,,
108,松山東署管内,つきまとい,令和5年1月7日(土) 午前1時ころ,松山市本町六丁目から同市東長戸四丁目までの路上,女性が車両で走行中、車両に乗車の男から後方を追従され、追い越された後に待ち伏せされるなどしてつきまとわれたもの。,25~40歳位、中肉、メガネ着用、銀色様の軽四自動車利用,松山市本町六丁目から同市東長戸四丁目までの,松山市本町六丁目から同市東長戸四丁目まで,0,blue,,,,,,,,,,,,,,
109,松山東署管内,のぞき・盗撮,令和5年1月6日(金) 午後2時20分ころ,松山市三番町六丁目の施設敷地内,男が、窓ガラス越しにカーテンの隙間から、室内を覗き見ていたもの。,40歳位、身長170センチ位、上下黒色様の服、黒色ニット帽着用、黒色リュックサック所持、徒歩,松山市三番町六丁目の,松山市三番町六丁目,0,pink,38.0,愛媛県,エヒメケン,EHIME KEN,38201.0,松山市,マツヤマシ,MATSUYAMA SHI,三番町六丁目,サンバンチョウ 6,SAMBANCHO 6,,33.837928,132.760035
110,松山東署管内,声かけ,令和5年1月6日(金) 午前11時20分ころ,松山市畑寺二丁目の路上,男子中学生が歩行中、すれ違った車両が後退して真横で停車し、乗車していた男から暴言を吐かれたもの。,50~60歳位、白髪混じりの黒色短髪、オレンジ色ダウンジャケット、白色マスク着用、帽子・メガネなし、こげ茶色の軽四自動車使用,松山市畑寺二丁目の,松山市畑寺二丁目,0,green,38.0,愛媛県,エヒメケン,EHIME KEN,38201.0,松山市,マツヤマシ,MATSUYAMA SHI,畑寺二丁目,ハタデラ 2,HATADERA 2,,33.83093,132.799445
111,松山東署管内,写真撮影等,令和5年1月5日(木) 午後5時ころ,松山市小栗一丁目の河川敷,女性が男児と歩行中、付近をランニングしていた男が前方約50メートル先に立ち止まり、リュックサックから取り出したデジタルカメラ様のものを男児に向けてきたもの。,40~50歳位、やせ型、身長160センチ位、灰色長袖ジャージ、灰色ジャージズボン、黒色リュックサック・デジタルカメラ様のもの所持、黒色キャップ帽着用、徒歩,松山市小栗一丁目の,松山市小栗一丁目,0,写真撮影等,38.0,愛媛県,エヒメケン,EHIME KEN,38201.0,松山市,マツヤマシ,MATSUYAMA SHI,小栗一丁目,オグリ 1,OGURI 1,,33.826979,132.763189
112,松山西署管内,つきまとい,令和5年1月2日(月) 午後0時30分ころ,松山市北条辻の店舗内,女性2人が家族等と買い物中、男から数メートル後方をつきまとわれたもの。,20~40歳位、小肥、身長175センチ位、黒色短髪・天然パーマ、上衣:青色と黒色のジャンパー、下衣:白色長ズボン、黒色ショルダーバッグ、黒色トートバッグ所持、徒歩,松山市北条辻の,松山市北条辻,0,blue,38.0,愛媛県,エヒメケン,EHIME KEN,38201.0,松山市,マツヤマシ,MATSUYAMA SHI,北条辻,ホウジョウツジ,HOJO TSUJI,,33.968379,132.777843
